﻿ID,article-class,article-name,article-get,list-display,article-path
2,secure,的方式的,akjh,1,secure-10-00_about.php
3,secure,复合肥规划,khj,1,secure-70-00_terms.php
,,,,,
1,network,和法规和,privkhj,1,AB-50-00_privacy.php
4,network,复合肥规划,tjhkhjk,1,accounts/AB-signup.php
,network,xray配置2,jhghjgh,,network/hhhh.php
,,,,,
5,secure,0基础建站,hk,1,secure/SC-30-00_contact.php
6,secure,代理环境,privkhj,1,secure/-50-00_privacy.php
7,secure,安全通讯,aassjyjyt,1,secure/SC-30-00_contact.php
8,about,关于本博客,about,1,about/AB-10-00_about.php
9,about,联系方式,contact,1,about/AB-30-00_contact.php
10,about,隐私政策,privacy,1,about/AB-50-00_privacy.php
11,about,使用条款,terms,1,about/AB-70-00_terms.php
11,about,常见问题,FAQ,1,about/AB-90-00_faq.php
12,accounts,登录,login,1,accounts/AB-login.php
13,accounts,注册,signup,1,accounts/AB-signup.php
14,accounts,信息,info,1,
15,accounts,设置,setup,1,
16,accounts,注销,logout,1,accounts/AB-login.php
